angle_deg,E_measured
1.000000000000000000e+01,6.431594975589960406e-01
2.000000000000000000e+01,6.078780969859174377e-01
3.000000000000000000e+01,5.668385296738034373e-01
4.000000000000000000e+01,5.105062254532032329e-01
5.000000000000000000e+01,4.714346524416222484e-01
6.000000000000000000e+01,3.914211217833780121e-01
7.000000000000000000e+01,3.645544144444917145e-01
8.000000000000000000e+01,3.233702406291470433e-01
