angle_deg,E_measured
1.000000000000000000e+01,6.449105996041062383e-01
2.000000000000000000e+01,6.183783096732693441e-01
3.000000000000000000e+01,5.481417859793203951e-01
4.000000000000000000e+01,5.129621682654601500e-01
5.000000000000000000e+01,4.420054831588408062e-01
6.000000000000000000e+01,4.028546160284396382e-01
7.000000000000000000e+01,3.612258677554535113e-01
8.000000000000000000e+01,3.157624993567861305e-01
